{
  "you": {
    "precision": 1.0,
    "recall": 0.8,
    "f1-score": 0.888888888888889,
    "support": 5,
    "confused_with": {}
  },
  "weather": {
    "precision": 1.0,
    "recall": 1.0,
    "f1-score": 1.0,
    "support": 6,
    "confused_with": {}
  },
  "micro avg": {
    "precision": 1.0,
    "recall": 0.9090909090909091,
    "f1-score": 0.9523809523809523,
    "support": 11
  },
  "macro avg": {
    "precision": 1.0,
    "recall": 0.9,
    "f1-score": 0.9444444444444444,
    "support": 11
  },
  "weighted avg": {
    "precision": 1.0,
    "recall": 0.9090909090909091,
    "f1-score": 0.9494949494949495,
    "support": 11
  }
}