{
  "chitchat/bot_challenge2": {
    "precision": 1.0,
    "recall": 1.0,
    "f1-score": 1.0,
    "support": 4,
    "confused_with": {}
  },
  "chitchat/bot_challenge": {
    "precision": 1.0,
    "recall": 1.0,
    "f1-score": 1.0,
    "support": 6,
    "confused_with": {}
  },
  "chitchat/mood_bad": {
    "precision": 1.0,
    "recall": 0.9333333333333333,
    "f1-score": 0.9655172413793104,
    "support": 15,
    "confused_with": {
      "chitchat/mood_great": 1
    }
  },
  "chitchat/mood_great": {
    "precision": 0.9473684210526315,
    "recall": 1.0,
    "f1-score": 0.972972972972973,
    "support": 18,
    "confused_with": {}
  },
  "accuracy": 0.9767441860465116,
  "macro avg": {
    "precision": 0.9868421052631579,
    "recall": 0.9833333333333334,
    "f1-score": 0.9846225535880708,
    "support": 43
  },
  "weighted avg": {
    "precision": 0.97796817625459,
    "recall": 0.9767441860465116,
    "f1-score": 0.9766574914930971,
    "support": 43
  }
}